<?xml version="1.0" encoding="UTF-8"?>
<project-private xmlns="http://www.netbeans.org/ns/project-private/1">
    <editor-bookmarks xmlns="http://www.netbeans.org/ns/editor-bookmarks/2" lastBookmarkId="0"/>
    <open-files xmlns="http://www.netbeans.org/ns/projectui-open-files/2">
        <group>
            <file>file:/D:/Xampp/htdocs/Online_notice_board/Online_notice_board/login.php</file>
            <file>file:/D:/Xampp/htdocs/Online_notice_board/Online_notice_board/index.php</file>
            <file>file:/D:/Xampp/htdocs/Online_notice_board/Online_notice_board/contact.php</file>
            <file>file:/D:/Xampp/htdocs/Online_notice_board/Online_notice_board/connection.php</file>
            <file>file:/D:/Xampp/htdocs/Online_notice_board/Online_notice_board/registration.php</file>
            <file>file:/D:/Xampp/htdocs/Online_notice_board/Online_notice_board/user/notification.php</file>
            <file>file:/D:/Xampp/htdocs/Online_notice_board/Online_notice_board/admin/login.php</file>
            <file>file:/D:/Xampp/htdocs/Online_notice_board/Online_notice_board/about.php</file>
            <file>file:/D:/Xampp/htdocs/Online_notice_board/Online_notice_board/user/index.php</file>
        </group>
    </open-files>
</project-private>
